rule	ordinal	source	kr	en	jp	placeholders
Global: Setting	5	legacy-phrase	요리사		シェフ	
Global: Setting	6	legacy-phrase	홀 서버		ホール·スタッフ	
Global: Setting	7	legacy-phrase	수습생		見習い生	
Global: Setting	8	legacy-phrase	헤드셰프		ヘッドシェフ	
Global: Setting	9	legacy-phrase	〔{0}〕 - 직책 변경		〔{0}〕 - 役職変更	{0}
Global: Setting	12	legacy-phrase	솥		鍋	
Global: Setting	13	legacy-phrase	{0}초		{0}秒	{0}
Global: Setting	14	legacy-phrase	{0}초		{0}秒	{0}
Global: Setting	15	manual-global	오븐		オーブン	
Global: Setting	16	legacy-phrase	그릴		グリル	
Global: Setting	17	legacy-phrase	팬		フライパン	
Global: Setting	18	manual-global	제빙기		製氷機	
Global: Setting	20	legacy-phrase	싱크대		流し台	
Global: Setting	21	legacy-phrase	냉장고		冷蔵庫	
Global: Setting	22	manual-context	〔{0}〕:  물 내리기  		〔{0}〕:  水を流す  	{0}
Global: Setting	24	legacy-phrase	도마		まな板	
Global: Setting	25	legacy-phrase	도마		まな板	
Global: Setting	26	manual-context	〔{0}〕:  썰기  		〔{0}〕:  薄切り  	{0}
Global: Setting	27	manual-global	 칼이 없습니다  		キッチンナイフなし	
Global: Setting	29	legacy-phrase	튀김기		フライヤー	
Global: Setting	30	legacy-phrase	〔{0}〕: 영웅 변경		〔{0}〕: ヒーロー変更	{0}
Global: Setting	32	legacy-phrase	비어 있음		空	
Global: Setting	35	legacy-phrase	비어 있음		空	
Global: Setting	38	legacy-phrase	비어 있음		空	
Global: Setting	41	legacy-phrase	비어 있음		空	
Global: Setting	44	legacy-phrase	비어 있음		空	
Global: Setting	47	legacy-phrase	비어 있음		空	
Global: Setting	50	legacy-phrase	비어 있음		空	
Global: Setting	53	legacy-phrase	비어 있음		空	
Global: Setting	55	manual-global	레스토랑(SPXXM) v260902\r\ndiscord&recipes : ow-restaurant.com/ko		レストラン(4ND1P) v260902\r\ndiscord&recipes : ow-restaurant.com/ja	
Global: Setting	57	legacy-phrase	Score : {0}{2}\r\n내 직책 : {1}		Score : {0}{2}\r\n私の役職 : {1}	{0} {2} {1}
Global: Setting	61	legacy-phrase	{0} 제작 중인 특수 칼:{1}개		{0} 製作中のスペシャルナイフ:{1}つ	{0} {1}
Global: Setting	62	manual-global	{0} 솥:{1}% / 튀김&제빙:{2}%		{0} 鍋:{1}% / フライヤー&製氷機:{2}%	{0} {1} {2}
Global: Setting	63	legacy-phrase	{0} 솥:{1}% / 튀김:{2}%		{0} 鍋:{1}% / フライヤー:{2}%	{0} {1} {2}
Global: Setting	64	manual-global	{0} 팬:{1}% / 오븐:{2}%		{0} フライパン:{1}% / オーブン:{2}%	{0} {1} {2}
Global: Setting	65	legacy-phrase	{0} 팬:{1}% / 그릴:{2}%		{0} フライパン:{1}% / グリル:{2}%	{0} {1} {2}
Global: Setting	66	legacy-phrase	{0} 이속:{1}% / 시간:{2}초		{0} 移動速度:{1}% / 時間:{2}秒	{0} {1} {2}
Global: Setting	71	manual-global	제작: {0}		制作: {0}	{0}
Global: Setting	75	manual-global	[{0}]: 테마 변경		[{0}]: テーマ変更	{0}
Global: Setting	76	manual-global	 방장이 테마를 결정하는 중입니다		 ホストがテーマを選択中です	
Global: Setting	88	legacy-phrase	[{0}]: 모드 변경		[{0}]: モード変更	{0}
Global: Setting	89	manual-context	 방장이 모드를 결정하는 중입니다		 ホストがモードを選択中です	
Global: Setting	91	manual-global	로드 중...		ロード中...	
Global: Setting	92	manual-global	데이터 초기화 중...		データ初期化中...	
Global: Setting	112	legacy-phrase	〔{0}〕: 영업 개시		〔{0}〕: 営業開始	{0}
Global: Setting	113	legacy-phrase	연습 모드		練習モード	
Global: Setting	115	legacy-phrase	〔{1}〕: 모드-{0}		〔{1}〕: モード-{0}	{1} {0}
Global: Setting	116	legacy-phrase	다른 메뉴		別のモード	
Global: Setting	117	legacy-phrase	연습 종료		練習終了	
Global: Setting	118	legacy-phrase	모든 손님		全員	
Global: Setting	119	legacy-phrase	튜토리얼		チュートリアル	
Global: Setting	123	legacy-phrase	개시 하여 시작		開始を押してスタート	
Global: Setting	124	legacy-phrase	퓨전		フュージョン	
Global: Setting	125	manual-global	{0} v260902\r\n\r\n{1}레스토랑 테마 통합\r\n  레스토랑 모듬회밥에 카페&디저트 와 쿡제요리가 통합되었습니다\r\n{2}		{0} v260902\r\n\r\n{1}レストランテーマ統合\r\n  レストランにカフェ&デザートと世界の料理が統合されました\r\n{2}	{0} {1} {2}
Global: Setting	126	manual-global	  테마는 게임 진입시와 연습모드에서 변경할 수 있습니다		  テーマはゲーム開始時と練習モードで変更できます	
Global: Setting	127	manual-global	{0} 버그 수정\r\n\r\n{1}		{0} 不具合修正\r\n\r\n{1}	{0} {1}
Global: Setting	128	manual-global	  일부 요리 번역 명칭이 수정되었습니다.\r\n{0}		  一部の料理名の翻訳を修正しました。\r\n{0}	{0}
Global: Setting	129	manual-global	  게임 시작 시 일부 모드의 추가 시작 아이템이 데이터 초기화 전에 생성되어 사라지는 문제를 수정했습니다.		  一部のモードで追加の初期アイテムがゲーム開始時に消える不具合を修正しました。	
Global: Setting	130	manual-global	[{0}] - 연습모드용 아이템 생성		[{0}] - 練習モード用アイテム生成	{0}
Player: Spawn	0	legacy-phrase	설정	Settings	設定	
Player: Spawn	1	legacy-phrase	플레이어 기본 직책	Default Player Role	プレイヤー基本役職	
Player: Spawn	2	legacy-phrase	요리사	Chef	シェフ	
Player: Spawn	3	legacy-phrase	홀 서버	Waiting Staff	ホール·スタッフ	
Player: Spawn	4	legacy-phrase	수습생	Apprentice	見習い生	
Player: Spawn	8	manual-context	〔{0}〕 로 시작	[{0}] to Start	〔{0}〕を押してスタート	{0}
Player: Spawn	9	legacy-phrase	레 스 토 랑	Restaurant	レストラン	
Player: Control item	1	manual-context	〔{0}〕:  칼 장착  	 [{0}]:  Equip Knife  	〔{0}〕:  セット  	{0}
Player: Control item	3	manual-context	〔{0}〕:  아이템 장착  	 [{0}]:  Equip Item  	〔{0}〕:  セット  	{0}
Player: Control item	5	manual-context	〔{0}〕:  줍기  	 [{0}]:  Pick Up  	〔{0}〕:  GET  	{0}
Player: Control item	7	manual-context	〔{0}〕:  썰기  	 [{0}]:  Chop  	〔{0}〕:  切る  	{0}
Player: Interact	0	legacy-phrase	$ 돈이 부족합니다	$ Not Enough Money 	$ お金が足りません。	
Player: Interact	1	legacy-phrase	전설 칼 주문 -${0}	Order Legendary Knife -${0}	ヘッドシェフの包丁注文 -${0}	{0}
Player: Interact	2	legacy-phrase	다음번에 상인이 칼을 가져올 것 입니다	Knife will be delivered when he came back	次は商人が包丁を持ってくるよ。 	
Player: Interact	3	legacy-phrase	특수 칼 뽑기 -${0}	Order Special Knife Random Box -${0}	特製包丁ガチャ -${0}	{0}
Player: Interact	4	legacy-phrase	다음번에 상인이 칼을 가져올 것 입니다	Knife will be delivered when he came back	次は商人が包丁を持ってくるよ。 	
Player: Interact	5	legacy-phrase	{0} 구매 -${1}	Purchase {0} -${1}	{0} 購入 -${1}	{0} {1}
Player: Interact	6	legacy-phrase	준비 시간을 생략합니다! 	Skipping Preparation Time! 	準備時間をスキップします! 	
Player: Interact	7	legacy-phrase	{0}{1} 준비 완료! (헤드셰프만 준비시간을 생략할 수 있습니다)	{0}{1} say ready to cook! (Head Chef can skip preparation time)	{0}{1} さんがゲームの開始を提案しました！(ヘッドシェフは準備時間をスキップできます)	{0} {1}
Player: Interact	8	legacy-phrase	{0}{1} 님이 연습을 중지하자고 합니다! 	{0}{1} want to close the service! 	{0}{1} さんが練習の中止を提案しました！ 	{0} {1}
Player: Interact	9	legacy-phrase	임시 개장 종료! 	Temporary Service Closed! 	一時開業終了! 	
Player: Interact	10	legacy-phrase	{0}{1} 님이 게임을 시작하자고 합니다! 	{0}{1} ready to cook! 	{0}{1} さんがゲームの開始を提案しました！ 	{0} {1}
Player: Interact	11	legacy-phrase	잠시 후 게임을 시작합니다! 	Game will start shortly! 	まもなくゲームを開始します！ 	
Player: Interact	12	legacy-phrase	연습용 손님이 입장합니다! 	Practice Customers are coming in!	練習用のお客様が来店します！ 	
Player: Interact	13	legacy-phrase	　　　　　주문서　　　　　	　　　　　Order List　　　　　	　　　　　注文書　　　　　	
Player: Interact	16	legacy-phrase	{0}{1} 님이 연습을 시작하자고 합니다! 	{0}{1} want to start practicing! 	{0}{1} さんが練習の開始を提案しました！ 	{0} {1}
Player: Reload button	0	legacy-phrase	길게 누르면 모든 아이템을 내려놓습니다 		長押しすると全てのアイテムを置きます 	
Player: Reload button	4	legacy-phrase	업데이트 필요! - 코드 : SPXXM		アップデート 必要! - コード : 4ND1P	
Player: Reload button	5	legacy-phrase	버그 수정 및 추가 업데이트를 적용하려면\r\n위의 코드로 게임을 다시 불러와주세요!		バグ修正や追加アップデートを適用するには\r\n上記のコードを使ってゲームを再読み込みしてください。	
Player: Ultimate button	0	legacy-phrase	100초간 속도 증가!	Increase Speed for 100 seconds! 	100秒間、速度アップ!	
Player: Ultimate button	1	legacy-phrase	{1}{0}이(가) 서빙볼을 소환했습니다! 	{1}{0} has summoned a ServingBall! 	{1}{0}がサービングボールを召喚しました！	{1} {0}
Player: Ultimate button	2	legacy-phrase	{1}{0}이(가) 제트팩을 장착했습니다! 	{1}{0} has equipped a jetpack! 	{1}{0}がジェットパックを装着しました！	{1} {0}
Player: Ultimate button	3	manual-context	재료 뭉개기	Smash Material	材料つぶし	
Player: Authorize Controller	0	manual-context	뭉개기 동작을 버튼으로 대체하려면 컨트롤러 스틱을 앞으로 천천히 움직여주세요! 	To substitute the smash action with a button, please slowly push the controller stick forward! 	材料を潰す動作をボタンに置き換えるには、コントローラーのスティックをゆっくり前に倒してください！	
Player: Authorize Controller	1	legacy-context	이제 [{0}] 키로 재료를 뭉갤 수 있습니다! 	Now you can smash the ingredients using the [{0}] key! 	これで[{0}]キーで材料を潰すことができます！ 	{0}
Player: Authorize Controller	2	legacy-context	재료 뭉개기	Smash Material	材料潰し	
Player: Left match	0	legacy-context	당신이 이제 헤드셰프 입니다!	You are Now Head Chef!	あなたが今、ヘッドシェフです！	
Dummy: Spawn	0	legacy-remap	부엌칼 상인/아이템 상인/업그레이드/업그레이드	Knife Merchant/Item Merchant/Upgrade/Upgrade	キッチンナイフトレーダー/アイテム商人/アップグレード/アップグレード	
Dummy: Spawn	2	legacy-remap	{0} : 주문한 칼 가지고 왔다네!	{0} : I've brought the ordered knife!	{0} : 注文したナイフを持ってきた！	{0}
Dummy: Spawn	3	legacy-remap	{0} : 무료 아이템을 나눠드릴게요!	{0} : Free items for you!	{0} : 無料アイテムをプレゼント！	{0}
Dummy: Spawn	5	legacy-remap	{0} 구매	Buy {0}	{0} 購入	{0}
Dummy: Spawn	6	legacy-remap	특수 칼 뽑기	Special Knife Random Box	特製包丁ガチャ	
Dummy: Spawn	7	legacy-remap	전설 칼 주문	Order Legendary Knife	ヘッドシェフの包丁注文	
Dummy: Spawn	8	legacy-remap	〔{0}〕:  {1} 구매 - ${2}	[{0}]:  Buy {1} - ${2}	〔{0}〕:  {1} 購入 - ${2}	{0} {1} {2}
Dummy: Spawn	9	manual-global	저장고	Storage	保存用バット	
Dummy: Spawn	10	manual-global	무작위 도구	Random Tool	ランダム道具	
Dummy: Spawn	11	legacy-remap	무작위 신발	Random Shoes	ランダム靴	
Dummy: Spawn	12	legacy-remap	〔{0}〕:  {1} 강화 - ${2}	[{0}]:  Upgrade {1} - ${2}	〔{0}〕:  {1} 強化 - ${2}	{0} {1} {2}
Dummy: Spawn	13	manual-global	튀김기&제빙기	Fryer&Ice Maker	フライヤー&製氷機	
Dummy: Spawn	14	legacy-phrase	튀김기	Fryer	フライヤー	
Dummy: Spawn	15	legacy-phrase	솥	Pot	鍋	
Dummy: Spawn	16	manual-global	오븐	Oven	オーブン	
Dummy: Spawn	17	legacy-phrase	그릴	Grill	グリル	
Dummy: Spawn	18	legacy-phrase	팬	Pan	フライパン	
Dummy: Spawn	20	manual-global	내 이동 속도 증가	Increase My Movement Speed	私のスピードアップ	
Dummy: Spawn	21	manual-global	팀 영업 시간 증가	Increase Team Time Limit	チームの営業タイムアップ	
Dummy: Spawn	22	legacy-remap	동전 교환	Exchange Coin	コイン交換	
Dummy: Spawn	23	legacy-remap	〔{0}〕 : 항목 변경	[{0}] : Change Select	〔{0}〕 : 項目変更	{0}
Dummy: Spawn	24	manual-context	평범한 손님/재앙은끝나지않았다/깐깐한 손님/성급한 손님/푸드파이터/예약 손님/음식 평론가/먹방 유튜버/괴식가/탱장연 대표/엘버피 VVIP/요리연구가/{0}	Regular Customer/ANTID wont stop us/Picky Customer/Impatient Customer/Competitive Eater/Reserved Customer/Food Critic/Mukbang YouTuber/Weirdo Customer/Mauga Main/elBuffi VVIP/Culinary Researcher/{0}	普通の客/ワンマン・アポカリプス/厳しい客/せっかちな客/フードファイター/予約客/フード評論家/モクバンユーチューバー/壊食家/マウガ専/エルバーピ VVIP/料理研究家/{0}	{0}
Dummy: Spawn	25	manual-context	혼밥 손님/수상한 손님/여우같은 손님/미식가/대혼돈의 손님/관심이가는손님/배달냥이/조용히힐이나하게나/시끄러운 손님	Solo Diner/Suspicious Customer/Foxy Customer/Gourmet/Chaotic Customer/Suffering Customer/Delivery Cat/For Honor and Beer/Karen	一人客/怪しい客/稲荷神/グルメ/混乱した客/苦しむ客/配達にゃんこ/名誉とビールのために/クレーマー客	
Dummy: Spawn	27	manual-context	평범한 손님/대식가/깐깐한 손님/성급한 손님/푸드파이터/예약 손님/음식 평론가/먹방 유튜버/괴식가/포악한 손님/엘버피 VVIP/요리연구가/{0}	Regular Customer/Big Fat Customer/Picky Customer/Impatient Customer/Competitive Eater/Reserved Customer/Food Critic/Mukbang YouTuber/Weirdo Customer/Savage Customer/elBuffi VVIP/Culinary Researcher/{0}	普通の客/大食い/厳しい客/せっかちな客/フードファイター/予約客/フード評論家/モクバンユーチューバー/壊食家/暴悪な客/エルバーピ VVIP/料理研究家/{0}	{0}
Dummy: Spawn	28	manual-context	혼밥 손님/수상한 손님/여우같은 손님/미식가/대혼돈의 손님/관심이가는손님/배달냥이/거대식가/시끄러운 손님	Solo Diner/Suspicious Customer/Foxy Customer/Gourmet/Chaotic Customer/Suffering Customer/Delivery Cat/Justice Giant/Karen	一人客/怪しい客/稲荷神/グルメ/混乱した客/苦しむ客/配達にゃんこ/大食い巨人/クレーマー客	
Dummy: Spawn	30	legacy-remap	#{1} - {0}초	#{1} - {0}s	#{1} - {0}秒	{1} {0}
Dummy: Spawn	34	duration-token	{0}초\r\n　　　　　　　　　　　　　　　　　　　　　　　　　　　　　　　　　　　　　　　　　　　　　　　　　　　　　　　　　　　　　　　　　　　　　　　　　　　　　　　　　　　　　　　　　　　　　　　　　　　　　　　　　　　　　　　　　　　　　　　　	{0}s\r\n　　　　　　　　　　　　　　　　　　　　　　　　　　　　　　　　　　　　　　　　　　　　　　　　　　　　　　　　　　　　　　　　　　　　　　　　　　　　　　　　　　　　　　　　　　　　　　　　　　　　　　　　　　　　　　　　　　　　　　　　	{0}秒\r\n　　　　　　　　　　　　　　　　　　　　　　　　　　　　　　　　　　　　　　　　　　　　　　　　　　　　　　　　　　　　　　　　　　　　　　　　　　　　　　　　　　　　　　　　　　　　　　　　　　　　　　　　　　　　　　　　　　　　　　　　	{0}
Dummy: Spawn	35	legacy-remap	완성도 있는 요리! +5%	A well-prepared dish! +5%	完成度の高い料理! +5%	
Dummy: Spawn	36	legacy-remap	 #{0} : 서빙 성공! {1}/{2} 	 #{0} : Served! {1}/{2} 	 #{0} : サービング成功! {1}/{2} 	{0} {1} {2}
Dummy: Spawn	37	duration-token	{0}초\r\n　　　　　　　　　　　　　　　　　　　　　　　　　　　　　　　　　　　　　　　　　　　　　　　　　　　　　　　　　　　　　　　　　　　　　　　　　　　　　　　　　　　　　　　　	{0}s\r\n　　　　　　　　　　　　　　　　　　　　　　　　　　　　　　　　　　　　　　　　　　　　　　　　　　　　　　　　　　　　　　　　　　　　　　　　　　　　　　　　　　　　　　　　	{0}秒\r\n　　　　　　　　　　　　　　　　　　　　　　　　　　　　　　　　　　　　　　　　　　　　　　　　　　　　　　　　　　　　　　　　　　　　　　　　　　　　　　　　　　　　　　　　	{0}
Dummy: Spawn	38	legacy-remap	서빙 성공! +{0}%	Serving Success! +{0}%	サービング成功! +{0}%	{0}
Dummy: Spawn	41	duration-token	{0}초\r\n　　　　　　　　　　　　　　　　　　　　　　　　　　　　　　　　　　　　　　　　　　　　　　　　　　　　　　　　　　　　　　　　　　　　　　　　　　　　　　　　　　　　　　　　　　　　　　　　　　　　　　　　　　　　　　　　　　　　　　　　	{0}s\r\n　　　　　　　　　　　　　　　　　　　　　　　　　　　　　　　　　　　　　　　　　　　　　　　　　　　　　　　　　　　　　　　　　　　　　　　　　　　　　　　　　　　　　　　　　　　　　　　　　　　　　　　　　　　　　　　　　　　　　　　　	{0}秒\r\n　　　　　　　　　　　　　　　　　　　　　　　　　　　　　　　　　　　　　　　　　　　　　　　　　　　　　　　　　　　　　　　　　　　　　　　　　　　　　　　　　　　　　　　　　　　　　　　　　　　　　　　　　　　　　　　　　　　　　　　　	{0}
Dummy: Spawn	44	legacy-remap	날 풀어줘!	Let me go!	放してくれ!	
Dummy: Spawn	45	manual-global	왜!? 이게 아냐!! 메뉴판이..!	Why!? This is wrong!! The menu..!	なぜだ!? こんなはずでは…!! メニューが…!	
Dummy: Spawn	46	legacy-remap	이 메뉴는 대체 뭐야!?	What even is this menu!?	このメニューは一体何なんだ!?	
Dummy: Spawn	47	legacy-remap	환상적인 서빙! +20% 	A-mei-zing Served! +20%	ファンタスティックなサービング! +20% 	
Dummy: Spawn	48	manual-global	 #{0} : 환상적인 서빙! 	 #{0} : A-mei-zing Service! 	 #{0} : ファンタスティックなサービング! 	{0}
Dummy: Spawn	50	legacy-remap	신속한 서빙! +10% 	Swift Served! +10%	迅速なサービング! +10% 	
Dummy: Spawn	51	manual-global	 #{0} : 신속한 서빙! 	 #{0} : Swift Service! 	 #{0} : 迅速なサービング! 	{0}
Dummy: Spawn	53	legacy-remap	완성도 있는 요리! +5% 	A well-prepared dish! +5%	完成度の高い料理! +5% 	
Dummy: Spawn	54	legacy-remap	 #{0} : 서빙 성공! 	 #{0} : Served! 	 #{0} : サービング成功! 	{0}
Dummy: Spawn	56	legacy-remap	 #{0} : 서빙 성공! 	 #{0} : Served! 	 #{0} : サービング成功! 	{0}
Dummy: Spawn	58	legacy-remap	VVIP 서빙 성공!	VVIP Serving Success!	VVIP サービング成功!	
Dummy: Spawn	59	legacy-remap	VVIP 서빙 성공! +{0}%	VVIP Serving Success! +{0}%	VVIP サービング成功! +{0}%	{0}
Dummy: Spawn	60	legacy-remap	VIP 서빙 성공! +{0}%	VIP Serving Success! +{0}%	VIP サービング成功! +{0}%	{0}
Dummy: Spawn	61	legacy-remap	보너스 점수 +50 	Bonus Score +50 	稲荷神のボーナス +50 	
Dummy: Spawn	62	legacy-remap	서빙 성공! +{0}%	Serving Success! +{0}%	サービング成功! +{0}%	{0}
Dummy: Spawn	64	duration-token	??초\r\n　　　　　　　　　　　　　　　　　　　　　　　　　　　　　　　　　　　　　　　　　　　　　　　　　　　　　　　　　　　　　　　　　　　　　　　　　　　　　　　　　　　　　　　　　　　　　　　　　　　　　　　　　　　　　　　　　　　　　　　　	??s\r\n　　　　　　　　　　　　　　　　　　　　　　　　　　　　　　　　　　　　　　　　　　　　　　　　　　　　　　　　　　　　　　　　　　　　　　　　　　　　　　　　　　　　　　　　　　　　　　　　　　　　　　　　　　　　　　　　　　　　　　　　	??秒\r\n　　　　　　　　　　　　　　　　　　　　　　　　　　　　　　　　　　　　　　　　　　　　　　　　　　　　　　　　　　　　　　　　　　　　　　　　　　　　　　　　　　　　　　　　　　　　　　　　　　　　　　　　　　　　　　　　　　　　　　　　	
Dummy: Spawn	65	legacy-remap	{0}{1}의 입소문! 	{0}{1}'s Promotional effect! 	{0}{1}の口コミ! 	{0} {1}
serveFail	0	manual-global	설득 시간 초과!		説得タイムオーバー!	
serveFail	1	manual-global	{0}의 잘못된 정치질!		{0}の間違った政治活動!	{0}
serveFail	2	manual-global	흑화 조심!		闇落ち注意!	
serveFail	3	manual-global	완성도 낮은 요리!		完成度の低い料理!	
serveFail	4	manual-global	맥주를 찾으러 돌진함!		ビールを探しに突進した!	
serveFail	5	manual-global	시간 초과!		タイムオーバー!	
serveFail	6	manual-global	{0}의 잘못된 서빙!		{0}の間違ったサービング!	{0}
serveFail	7	manual-global	순서 조심!		順番注意!	
serveFail	8	manual-global	완성도 낮은 요리!		完成度の低い料理!	
serveFail	9	manual-global	혼란에 빠져 도망침!		混乱して逃げ出した!	
Global subroutine: Start stage	1	legacy-phrase	설정	Settings	設定	
Global subroutine: Start stage	2	legacy-phrase	캐주얼 다이닝 튜토리얼 표시	Show Casual Dining Tutorial	カジュアルダイニングチュートリアルを表示	
Global subroutine: Start stage	3	legacy-phrase	영업 준비	Prepare for Service	営業準備	
Global subroutine: Start stage	5	legacy-phrase	 {0} \r\n　　　　　　　　　　　　　\r\n 요리 : {1} \r\n 손님 : {2}	 {0} \r\n　　　　　　　　　　　　　\r\n Foods: {1} \r\n Customer: {2}	 {0} \r\n　　　　　　　　　　　　　\r\n 料理 : {1} \r\n 客 : {2}	{0} {1} {2}
Global subroutine: Start stage	12	legacy-phrase	퓨전	Fusion	フュージョン	
Global subroutine: Start stage	14	legacy-phrase	영업 시작!	Open for Service!	営業開始!	
Global subroutine: Start stage	15	legacy-phrase	서빙볼이 당신을 지원합니다! 	ServingBall is supporting you! 	サービングボールがあなたをサポートします! 	
Global subroutine: Start stage	17	legacy-phrase	　　　　　주문서　　　　　	　　　　　Order List　　　　　	　　　　　注文書　　　　　	
Global subroutine: Start stage	20	legacy-phrase	몰려오는 손님!	More Incoming Customers!	押し寄せる客!	
Global subroutine: Start stage	21	legacy-phrase	전직원 보너스!	Bonus For All Staff!	全従業員ボーナス!	
Global subroutine: Start stage	22	manual-context	영업 완료!	Good Service!	立派な営業!	
Global subroutine: Start stage	23	legacy-phrase	{0}fgFF3291FF>환상적인 영업!	{0}fgFF3291FF>A-mei-zing Service!	{0}fgFF3291FF>ファンタスティックな営業!	{0}
Global subroutine: Start stage	24	legacy-phrase	급여 +${0}	+${0}	給料 +${0}	{0}
Global subroutine: Start stage	25	legacy-phrase	전직원 보너스!	Bonus For All Staff!	全従業員ボーナス!	
Global subroutine: Start stage	26	manual-context	영업 완료!	Good Service!	営業完了!	
Global subroutine: Start stage	27	legacy-phrase	몰려오는 손님!	More Incoming Customers!	押し寄せる客!	
Global subroutine: Start stage	28	legacy-phrase	성공적인 영업!	Successful Service!	成功した営業!	
Global subroutine: Start stage	29	legacy-phrase	{0}fgFF3291FF>환상적인 영업!	{0}fgFF3291FF>A-mei-zing Service!	{0}fgFF3291FF>ファンタスティックな営業!	{0}
Global subroutine: Start stage	30	legacy-phrase	급여 +${0}	+${0}	給料 +${0}	{0}
Global subroutine: Start stage	32	legacy-phrase	중간 점수 : {0}	Current Score: {0}	中間スコア : {0}	{0}
Global subroutine: Start stage	33	legacy-phrase	난이도 상승! 행운을 빌어요!	Now getting harder! Good Luck!	レベル上昇！幸運を祈ります!	
Global subroutine: Stage Fail	0	legacy-context	{0}fgC80013FF>보너스 영업 실패!	{0}fgC80013FF>Bonus Service Failed!	{0}fgC80013FF>ボーナス営業失敗!	{0}
Global subroutine: Stage Fail	1	legacy-context	{0}fgC80013FF>영업 실패!{0}fgFFFFFFFF> ({1} / {2})	{0}fgC80013FF>Service Failed!{0}fgFFFFFFFF> ({1} / {2})	{0}fgC80013FF>営業失敗!{0}fgFFFFFFFF> ({1} / {2})	{0} {0} {1} {2}
Global subroutine: Call customer	0	legacy-phrase	{0}fg00E697FF>#{1}{0}FGffffffFF> 테이블에 {0}fgFFFF00FF>{2}{0}FGffffffFF> 예약!	Reserve [ {0}fgFFFF00FF>{2}{0}FGffffffFF> ] for Table {0}fg00E697FF>#{1}{0}FGffffffFF>!	{0}fg00E697FF>#{1}{0}FGffffffFF>テーブル[{0}fgFFFF00FF>{2}{0}FGffffffFF>]予約!	{0} {1} {0} {0} {2} {0}
Host Player: Set Permission	0	manual-global	{0}{1} - {2} 직책 변경!	{0}{1} - {2}	{0}{1} - {2} 役職変更!	{0} {1} {2}
Host Player: Set Permission	1	manual-global	 {0} 애옹 OwO 	 {0} Meow OwO 	 {0} にゃー (=^・ω・^=)  	{0}
Host Player: Set Permission	2	manual-global	 {0} 오빠 달린다~ 헤이! 	 {0} MAUGA MAINS, RISE UP! 	 {0} マウガの精神！ 	{0}
Global subroutine: Knife Hud	1	manual-context	다이소에서 파는\r\n평범한 칼입니다	A flimsy butter knife\r\nfrom a discount store	ダイソーで売ってそうな\r\nありふれたナイフです	
Global subroutine: Knife Hud	4	manual-context	내구도와 성능이 무난한\r\n주방용 칼입니다	Cuts ingredients faster\r\nand lasts longer	食材をより速く切れ、\r\n耐久性も高い	
Global subroutine: Knife Hud	7	manual-context	재료를 손에 들고 바로 썰 수 있는\r\n전설적인 칼입니다	A legendary knife that lets you\r\nchop ingredients while holding them	食材を手に持ったまま\r\n切れる伝説のナイフ	
Global subroutine: Knife Hud	10	manual-context	내구도와 성능이 뛰어난\r\n고급 칼입니다	Cuts quickly and\r\nloses very little durability	素早く切れ、\r\n耐久値がほとんど減らない	
Global subroutine: Knife Hud	11	manual-context	재료를 손에 들고 썰 수 있는\r\n희귀한 칼입니다	Lets you chop ingredients\r\nwhile holding them	食材を手に持ったまま\r\n切ることができる	
Global subroutine: Knife Hud	12	manual-context	내구도와 성능이 압도적인\r\n희귀한 칼입니다	Cuts ingredients\r\ntwice as fast	食材を\r\n2倍の速さで切れる	
Global subroutine: Knife Hud	13	manual-context	도마에서 아주 빠른 속도로\r\n연격할 수 있습니다	Lets you unleash rapid strikes\r\non a cutting board	まな板で\r\n高速連撃ができる	
Global subroutine: Perk Hud	4	manual-context	100초간 도마에서 써는 속도와\r\n이동속도가 증가합니다	Increases chopping and movement speed\r\nfor 100 seconds	100秒間、まな板で切る速度と\r\n移動速度が上昇する	
Global subroutine: Perk Hud	5	manual-context	잠시 모든 시간이 느려지며\r\n칼+이속+조리기구 속도가 폭주합니다	Briefly activates Bullet Time\r\nand overboosting all action speeds	短時間バレットタイムを発動し、\r\nすべての動作速度を超加速させる	
Global subroutine: Perk Hud	6	manual-context	손에 재료를 들고 사용하면\r\n재료의 신선도 회복합니다	Use while holding an ingredient\r\nto restore its freshness	食材を手に持って使うと\r\n鮮度を回復する	
Global subroutine: Perk Hud	7	manual-context	필요 없는 재료를 빨아들여\r\n설거지로 부터 해방되세요	Make unwanted ingredients disappear\r\nSay goodbye to cleanup!	不要な食材を吸い込み、\r\n片付けから解放されよう!	
Global subroutine: Perk Hud	8	manual-context	손에 재료를 들고 사용하면\r\n음식이 복사가 됩니다	Use while holding food\r\nto duplicate it	食材を手に持って使うと\r\n料理を複製できる	
Global subroutine: Perk Hud	9	manual-context	{0}까지 가지 않아도\r\n재료를 구울 수 있습니다	Shoots a jet of flame to\r\n{0} ingredients anywhere	{0}まで行かなくても\r\n食材を直火で焼ける	{0}
Global subroutine: Perk Hud	10	manual-global	오븐	bake	オーブン	
Global subroutine: Perk Hud	11	legacy-phrase	그릴	grill	グリル	
Global subroutine: Perk Hud	12	manual-context	햄스터가 아르바이트를 구한다\r\n라고 함	The hamster says\r\nhe is seeking part-time employment	ハムスター曰く\r\nアルバイト希望	
Global subroutine: Perk Hud	13	manual-context	현재 라운드에 도움이 되는 재료 팩을 꺼냅니다\r\n팩은 칼로 뜯을 수 있습니다	Dispenses an ingredient pack for the current round\r\nOpen the pack with a knife	現在のラウンドに役立つ食材パックを出す\r\nパックはナイフで開封できる	
Global subroutine: Perk Hud	14	manual-context	제빙기까지 가지 않아도\r\n재료를 얼릴 수 있습니다	Shoots a freezing blast to\r\nfreeze ingredients anywhere	製氷機まで行かなくても\r\n食材を凍らせられる	
Global subroutine: Foot Hud	3	manual-context	공중에서 높게 점프하여\r\n높은 곳에 올라갈 수 있습니다	Jump high into the air\r\nto reach higher floors	空中へ高く跳び\r\n高い階へ移動できる	
Global subroutine: Foot Hud	4	manual-context	앞으로 빠르게 대시하는\r\n다재다능한 신발입니다	Versatile boots that let you\r\ndash quickly forward	前方へ素早くダッシュできる\r\n多用途なブーツ	
Global subroutine: Foot Hud	5	manual-context	주문서에 있는 음식을 들고 사용하면\r\n테이블 앞으로 순간이동합니다	Use while holding an ordered dish\r\nto teleport to its table	注文された料理を持って使うと\r\nそのテーブルの前へテレポートする	
Global subroutine: Load Progress	1	legacy-context	돌아오셨군요! 이전 데이터를 불러왔습니다!	Welcome Back! Your progress is restored!	おかえりなさいませ! セーブデータを読み込みました!	
Global routine: Super Drink!	0	manual-global	{0}fgC72BD4FF>기초적인 임플란트 가동.		{0}fgC72BD4FF>ザ・ワールド！時よ止まれ！	{0}
Player routine: serveBot	0	legacy-context	서빙볼	ServingBall	サービングボール	
Player routine: serveBot	2	legacy-context	서빙볼	ServingBall	サービングボール	
Global subroutine: Set Hint Text	0	legacy-remap	냉장고에 있는 재료로 요리하여 서빙해야 합니다!\r\n소고기를 팬이나 그릴에 구워 왼쪽 #테이블 번호에 맞는 손님에게 가져다주세요.	Cook dishes with ingredients from the Fridge.\r\nPan-fry or grill Beef, then serve it to the correct table	冷蔵庫の材料を使って料理を作り、お客様に提供してください！\r\n牛肉をフライパンまたはグリルで焼いて、正しいテーブルのお客様に届けてください。	
Global subroutine: Set Hint Text	1	manual-context	재료는 도마에서 썰거나 다져서 다른 요리를 만들 수 있습니다.\r\n썬 소고기를 팬이나 그릴에 구워주세요.	Slice or chop ingredients on the cutting board.\r\nPan-fry or grill Sliced Beef	材料はまな板で薄切りにしたり刻んだりすると、別の料理が作れます。\r\n薄切り牛肉をフライパンまたはグリルで焼いてみてください。	
Global subroutine: Set Hint Text	2	manual-context	재료의 손질과 각기 다른 조리기구의 활용으로 다양한 요리를 만들 수 있습니다.\r\n감자를 통째로 구우면 구운 감자가 되고...	The same ingredient can become different dishes.\r\nGrill a whole Potato to make Grilled Potato	材料を下ごしらえし、さまざまな調理器具を使い分けることで、多彩な料理が作れます。\r\nたとえば、ジャガイモを丸ごと焼くと焼きジャガイモになり…	
Global subroutine: Set Hint Text	3	manual-context	감자를 썰어서 팬에 올리면 볶은 감자가 되고...	Slice the Potato and cook it in a pan to make Stir-fried Potato...	ジャガイモを薄切りにしてフライパンで調理すると炒めジャガイモになり…	
Global subroutine: Set Hint Text	4	manual-context	썬 감자를 튀김기에 올리면 감자튀김이 되는 식입니다.\r\n어떤 느낌인지 감이 오셨나요?	Then put Sliced Potato in the Fryer to make French Fries.\r\nSee how the same Potato changes?	薄切りジャガイモをフライヤーに入れるとフライドポテトになります。\r\nだんだんコツがつかめてきましたか？	
Global subroutine: Set Hint Text	5	manual-context	어떤 재료는 강하게 내려치면 변하기도 합니다.\r\n감자를 솥에 쪄서 찐 감자를 관성을 이용해 바닥에 던져보세요.	Smashing can transform some ingredients.\r\nSteam a Potato, then slam the Steamed Potato onto the ground using momentum	食材の中には、強く叩くと変化するものもあります。\r\nジャガイモを鍋で蒸してから、勢いをつけて蒸しジャガイモを床に叩きつけてみてください。	
Global subroutine: Set Hint Text	6	manual-context	또한 일부 재료는 합칠 수 있습니다.\r\n삶은 파스타와 크림 소스를 맞대어 합쳐보세요.	Some ingredients can be combined.\r\nCombine Boiled Pasta with Cream Sauce	また、一部の食材は組み合わせることもできます。\r\nゆでパスタとクリームソースを合わせてみてください。	
Global subroutine: Set Hint Text	7	manual-context	토마토는 썰어서 솥에 찌면 토마토 소스를 만들 수 있지만..\r\n써는 대신 내려치면 더 빠르게 뭉갠 토마토로 만들 수 있습니다.	Slice a Tomato and steam it in the Pot to make Tomato Sauce.\r\nSmash a Tomato to make Mashed Tomato faster	トマトを薄切りにして鍋で蒸すと、トマトソースが作れますが…\r\n薄切りにする代わりに叩けば、もっと素早く潰したトマトにできます。	
Global subroutine: Set Hint Text	8	manual-context	손님에 따라 다른 특성들도 있습니다.\r\n대식가의 경우에는 점수를 더 많이 주지만 음식을 2번 서빙해야 합니다.	Customers have different traits.\r\nA Big Fat Customer gives more points but must be served twice	お客様にはそれぞれ異なる特性があります。\r\n大食いのお客様は高得点ですが、料理を2回提供する必要があります。	
Global subroutine: Set Hint Text	9	legacy-remap	다양한 레시피들의 조합법을 마스터하고 클리어에 도전하세요.\r\n행운을 빕니다!	Master the recipe combinations and clear the mode.\r\nGood luck!	さまざまなレシピの組み合わせをマスターして、クリアを目指してください。\r\n幸運を祈ります！	
Global subroutine: Set Hint Text	10	legacy-remap	썬 닭고기 + 튀김가루 > 튀김기	Sliced Chicken + Frying Mix > Fryer	薄切り鶏肉 + 天ぷら粉 > フライヤー	
Global subroutine: Set Hint Text	11	manual-global	닭고기 + 튀김가루 > 튀김기	Chicken + Frying Mix > Fryer	鶏肉 + 天ぷら粉 > フライヤー	
Global subroutine: Set Hint Text	12	manual-global	조각낸 닭고기 + 튀김가루 > 튀김기	Chopped Chicken + Frying Mix > Fryer	角切り鶏肉 + 天ぷら粉 > フライヤー	
Global subroutine: Set Hint Text	13	manual-global	모든 양념은 후라이드 치킨에 추가할 수 있습니다.\r\n간장 + 물엿	Any sauce can be added to Fried Chicken.\r\nSoy Sauce + Corn Syrup	フライドチキンには、どのソースも追加できます。\r\n醤油 + 水飴	
Global subroutine: Set Hint Text	14	manual-global	고추장 + 물엿	Red Pepper Paste + Corn Syrup	コチュジャン + 水飴	
Global subroutine: Set Hint Text	15	manual-global	고추장 + 간장 + 물엿	Red Pepper Paste + Soy Sauce + Corn Syrup	コチュジャン + 醤油 + 水飴	
Global subroutine: Set Hint Text	16	manual-global	썬 파 + 간장 소스	Sliced Green Onion + Sweet Soy Sauce	薄切りネギ + 醤油ソース	
Global subroutine: Set Hint Text	17	legacy-remap	튀긴 조각 닭 + 양념 소스 > 팬에 볶기	Chicken Nugget + Sweet&Spicy Sauce > Pan Fry	から揚げ + ヤンニョムソース > フライパンで炒める	
Global subroutine: Set Hint Text	18	legacy-remap	밀가루를 피자 도우가 될 때 까지 내려치세요.\r\n피자 도우 + 토마토 소스 + 피자 치즈 > 그릴에 굽기	Smash Flour until it becomes Flour Pizza Dough.\r\nFlour Pizza Dough + Tomato Sauce + Shredded Mozzarella > Grill	小麦粉をピザ生地になるまで叩いてください。\r\nピザ生地 + トマトソース + ピザ用チーズ > グリルで焼く	
Global subroutine: Set Hint Text	19	legacy-remap	모든 레시피를 확인할 수 있는 사이트를 참고하실 수 있습니다.\r\nhttps://ow-restaurant.com/ko	View all recipes on this website.\r\nhttps://ow-restaurant.com/en	すべてのレシピはこちらで確認できます。\r\nhttps://ow-restaurant.com/ja	
Global subroutine: Set Hint Text	21	manual-global	조심하세요! 자신보다 늦게 온 손님을 먼저 서빙하면 실패하는 손님 유형이 있습니다.	Some customers leave if you serve a later arrival first	後から来たお客様に先に料理を提供すると、帰ってしまうお客様もいます。	
Global subroutine: Set Hint Text	22	legacy-remap	이런 손님들은 주문서 순서대로 서빙하는걸 추천합니다.	Serve them in the order shown on the order slips	注文書に表示された順番で料理を提供してください。	
Global subroutine: Set Hint Text	23	legacy-remap	음식 평론가에게 좋은 평가를 받으면 많은 손님을 불러옵니다.	A positive review from the Food Critic attracts more customers	フード評論家から高評価を得ると、多くのお客様を呼び寄せます。	
Global subroutine: Set Hint Text	24	legacy-remap	푸드 파이터는 3개의 음식을 서빙해야 합니다.	A Competitive Eater must be served three dishes	フードファイターには料理を3回提供する必要があります。	
Global subroutine: Set Hint Text	26	manual-global	예약 손님은 입장 전에 미리 주문을 합니다.\r\n가운데 잠깐 표시되는 예약 메시지를 주의 깊게 보고 기억하세요!	A Reserved Customer orders before entering.\r\nRemember the reservation message briefly shown at the center of the screen	予約客は入場前に注文します。\r\n画面中央に短時間表示される予約メッセージを覚えてください。	
Global subroutine: Set Hint Text	27	manual-global	밀가루 반죽 을 자르고 다시 내려쳐 만두피를 만들 수 있습니다.	Cut Flour Dough, then smash it again to make Dumpling Wrapper	小麦粉生地を切り、もう一度叩くと餃子の皮を作れます。	
Global subroutine: Set Hint Text	28	manual-global	다진 파 + 으깬 두부 + 만두피 > 솥에 찌기	Minced Green Onion + Mashed Tofu + Dumpling Wrapper > Steam in Pot	刻みネギ + 潰した豆腐 + 餃子の皮 > 鍋で蒸す	
Global subroutine: Set Hint Text	29	manual-global	다진 파 + 으깬 두부 + 만두피 > 팬에 굽기	Minced Green Onion + Mashed Tofu + Dumpling Wrapper > Pan Fry	刻みネギ + 潰した豆腐 + 餃子の皮 > フライパンで焼く	
Global subroutine: Set Hint Text	30	manual-global	다진 파 + 으깬 두부 + 썬 당면 + 다진 돼지고기 + 만두피 > 솥에 찌기	Minced Green Onion + Mashed Tofu + Sliced Glass Noodles + Minced Pork + Dumpling Wrapper > Steam in Pot	刻みネギ + 潰した豆腐 + 切った春雨 + ポークミンチ + 餃子の皮 > 鍋で蒸す	
Global subroutine: Set Hint Text	31	manual-context	다진 파 + 다진 김치 + 썬 당면 + 다진 돼지고기 + 만두피 > 솥에 찌기	Minced Green Onion + Minced Kimchi + Sliced Glass Noodles + Minced Pork + Dumpling Wrapper > Steam in Pot	刻みネギ + 刻みキムチ + 切った春雨 + ポークミンチ + 餃子の皮 > 鍋で蒸す	
Global subroutine: Set Hint Text	32	legacy-remap	다진 소고기를 내려쳐 패티를 만들고 구워주세요.\r\n아래 빵 + 익힌 패티 + 윗 빵	Smash Minced Beef to make Raw Patty, then grill it.\r\nBottom Bun + Cooked Patty + Top Bun	牛ひき肉を叩いて生パティを作り、グリルで焼いてください。\r\n下バンズ + 焼いたパティ + 上バンズ	
Global subroutine: Set Hint Text	33	manual-global	아래 빵 + 익힌 패티 + 슬라이스 치즈 + 윗 빵	Bottom Bun + Cooked Patty + Sliced Cheese + Top Bun	下バンズ + 焼いたパティ + 薄切りチーズ + 上バンズ	
Global subroutine: Set Hint Text	34	manual-global	아래 빵 + 썬 양상추 + 썬 토마토 + 윗 빵	Bottom Bun + Sliced Lettuce + Sliced Tomato + Top Bun	下バンズ + 薄切りレタス + 薄切りトマト + 上バンズ	
Global subroutine: Set Hint Text	35	manual-global	아래 빵 + 썬 토마토 + 썬 양상추 + 슬라이스 치즈 + 윗 빵	Bottom Bun + Sliced Tomato + Sliced Lettuce + Sliced Cheese + Top Bun	下バンズ + 薄切りトマト + 薄切りレタス + 薄切りチーズ + 上バンズ	
Global subroutine: Set Hint Text	36	manual-global	아래 빵 + 익힌 패티 + 썬 양상추 + 썬 토마토 + 윗 빵	Bottom Bun + Cooked Patty + Sliced Lettuce + Sliced Tomato + Top Bun	下バンズ + 焼いたパティ + 薄切りレタス + 薄切りトマト + 上バンズ	
Global subroutine: Set Hint Text	37	legacy-remap	아래 빵 + 익힌 패티 + 슬라이스 치즈 + 썬 양상추 + 썬 토마토 + 윗 빵	Bottom Bun + Cooked Patty + Sliced Cheese + Sliced Lettuce + Sliced Tomato + Top Bun	下バンズ + 焼いたパティ + 薄切りチーズ + 薄切りレタス + 薄切りトマト + 上バンズ	
Global subroutine: Set Hint Text	39	manual-global	https://ow-restaurant.com/ko 에서\r\n이 테마의 레시피를 확인하실 수 있습니다.	View this theme's recipes at\r\nhttps://ow-restaurant.com/en	https://ow-restaurant.com/ja で\r\nこのテーマのレシピを確認できます。	
Global subroutine: Scoreboard	0	legacy-phrase	최종 점수 : 〔{0}〕	Final Score: [{0}]	最終スコア : 〔{0}〕	{0}
Global subroutine: Scoreboard	1	legacy-phrase	최고 기록 갱신!! 이 화면을 캡처하여 https://ow-restaurant.com 로 보내주세요	New Record!! Capture this screen and submit to https://ow-restaurant.com/en	ハイスコア更新!! この画面をキャプチャーしてhttps://ow-restaurant.com/jaに送ってください	
Global subroutine: Scoreboard	2	legacy-phrase	최고 기록 : 〔{0}〕	High Score: [{0}]	ハイスコア : 〔{0}〕	{0}
Global subroutine: Scoreboard	5	legacy-phrase	시간 : 〔{0}〕\r\n모드: 〔{1}〕\r\n결과: 〔{2}〕	Time: [{0}]\r\nMode: [{1}]\r\nResult: [{2}]	タイム : 〔{0}〕\r\nモード: 〔{1}〕\r\n結果: 〔{2}〕	{0} {1} {2}
Global subroutine: Scoreboard	6	legacy-phrase	{0}시간{1}분{2}초	{0}h{1}m{2}s	{0}時間{1}分{2}秒	{0} {1} {2}
Global subroutine: Scoreboard	16	legacy-phrase	클리어!	Complete!	クリア!	
Global subroutine: Scoreboard	17	legacy-phrase	Stage {0} 에서 실패	Stage {0}	Stage {0} で失敗	{0}
Global subroutine: Scoreboard	18	legacy-phrase	개인 총 수입 : 〔{0}〕\r\n개인 활약 점수 : 〔{1}〕	Total Personal Income: [{0}]\r\nContribution Score: [{1}]	個人総収入 : 〔{0}〕\r\n個人活躍スコア : 〔{1}〕	{0} {1}
Global subroutine: Scoreboard	19	legacy-phrase	성공한 영업 : 〔{0}〕	Success: [{0}]	成功した営業 : 〔{0}〕	{0}
Global subroutine: Scoreboard	20	english-phrase-bridge	요리에 기여함 : 〔{0}〕\r\n칼질한 횟수 : 〔{1}〕	Cooking Mastery: [{0}]\r\nChopped: [{1}]	料理に寄与 : 〔{0}〕\r\n包丁さばきの回数 : 〔{1}〕	{0} {1}
Global subroutine: Scoreboard	21	english-phrase-bridge	환상적인 영업 : 〔{0}〕\r\n성공적인 영업 : 〔{1}〕\r\n실패한 영업 : 〔{2}〕	A-mei-zing Service: [{0}]\r\nSuccessful Service: [{1}]\r\nFailed Service: [{2}]	ファンタスティックな営業 : 〔{0}〕\r\n立派な営業 : 〔{1}〕\r\n失敗した営業 : 〔{2}〕	{0} {1} {2}
Global subroutine: Scoreboard	22	english-phrase-bridge	서빙 성공 : 〔{0}〕	Serving Success: [{0}]	サービング成功 : 〔{0}〕	{0}
Global subroutine: Scoreboard	23	english-phrase-bridge	전체 서빙 성공 : 〔{0}〕\r\n전체 서빙 실패 : 〔{1}〕	Total Serving Success: [{0}]\r\nTotal Serving Failure: [{1}]	全体サービング成功 : 〔{0}〕\r\n全体サービング失敗 : 〔{1}〕	{0} {1}
Global subroutine: Scoreboard	24	english-phrase-bridge	서빙 실수 : 〔{0}〕	Serving Mistake: [{0}]	サービングミス : 〔{0}〕	{0}
Global subroutine: Scoreboard	25	english-phrase-bridge	환상적인 서빙 : 〔{0}〕\r\n신속한 서빙 : 〔{1}〕\r\n완성도 있는 요리 : 〔{2}〕	A-mei-zing Served: [{0}]\r\nSwift Served: [{1}]\r\nWell-Prepared Dish: [{2}]	ファンタスティックなサービング : 〔{0}〕\r\n迅速なサービング : 〔{1}〕\r\n完成度の高い料理 : 〔{2}〕	{0} {1} {2}
Global subroutine: Scoreboard	26	legacy-phrase	평가 : 〔★★★★★★★〕	Rank: [SSS]	ランク : 〔★★★★★★★〕	
Global subroutine: Scoreboard	27	legacy-phrase	평가 : 〔★★★★★★〕	Rank: [S++]	ランク : 〔★★★★★★〕	
Global subroutine: Scoreboard	28	legacy-phrase	평가 : 〔★★★★★〕	Rank: [S+]	ランク : 〔★★★★★〕	
Global subroutine: Scoreboard	29	legacy-phrase	평가 : 〔★★★★☆〕	Rank: [S]	ランク : 〔★★★★☆〕	
Global subroutine: Scoreboard	30	legacy-phrase	평가 : 〔★★★☆☆〕	Rank: [A]	ランク : 〔★★★☆☆〕	
Global subroutine: Scoreboard	31	legacy-phrase	평가 : 〔★★☆☆☆〕	Rank: [B]	ランク : 〔★★☆☆☆〕	
Global subroutine: Scoreboard	32	legacy-phrase	평가 : 〔★☆☆☆☆〕	Rank: [C]	ランク : 〔★☆☆☆☆〕	
Global subroutine: Scoreboard	33	legacy-phrase	평가 : 〔☆☆☆☆☆〕	Rank: [F]	ランク : 〔☆☆☆☆☆〕	
Global subroutine: Scoreboard	36	legacy-phrase	개인 총 수입 : 〔{0}〕\r\n개인 활약 점수 : 〔{1}〕\r\n요리에 기여함 : 〔{2}〕	Total Personal Income : [{0}]\r\nContribution Score : [{1}]\r\nCooking Mastery : [{2}]	個人総収入 : 〔{0}〕\r\n個人活躍スコア : 〔{1}〕\r\n料理に寄与 : 〔{2}〕	{0} {1} {2}
Global subroutine: Scoreboard	37	legacy-phrase	서빙 성공 : 〔{0}〕\r\n서빙 실수 : 〔{1}〕	Serving Success : [{0}]\r\nServing Mistake : [{1}]	サービング成功 : 〔{0}〕\r\nサービングミス : 〔{1}〕	{0} {1}
Global subroutine: Scoreboard	40	legacy-phrase	개인 총 수입 : 〔{0}〕\r\n개인 활약 점수 : 〔{1}〕\r\n요리에 기여함 : 〔{2}〕	Total Personal Income : [{0}]\r\nContribution Score : [{1}]\r\nCooking Mastery : [{2}]	個人総収入 : 〔{0}〕\r\n個人活躍スコア : 〔{1}〕\r\n料理に寄与 : 〔{2}〕	{0} {1} {2}
Global subroutine: Scoreboard	41	legacy-phrase	서빙 성공 : 〔{0}〕\r\n서빙 실수 : 〔{1}〕	Serving Success : [{0}]\r\nServing Mistake : [{1}]	サービング成功 : 〔{0}〕\r\nサービングミス : 〔{1}〕	{0} {1}
Global subroutine: Scoreboard	44	legacy-phrase	개인 총 수입 : 〔{0}〕\r\n개인 활약 점수 : 〔{1}〕\r\n요리에 기여함 : 〔{2}〕	Total Personal Income : [{0}]\r\nContribution Score : [{1}]\r\nCooking Mastery : [{2}]	個人総収入 : 〔{0}〕\r\n個人活躍スコア : 〔{1}〕\r\n料理に寄与 : 〔{2}〕	{0} {1} {2}
Global subroutine: Scoreboard	45	legacy-phrase	서빙 성공 : 〔{0}〕\r\n서빙 실수 : 〔{1}〕	Serving Success : [{0}]\r\nServing Mistake : [{1}]	サービング成功 : 〔{0}〕\r\nサービングミス : 〔{1}〕	{0} {1}
Global subroutine: Scoreboard	48	legacy-phrase	개인 총 수입 : 〔{0}〕\r\n개인 활약 점수 : 〔{1}〕\r\n요리에 기여함 : 〔{2}〕	Total Personal Income : [{0}]\r\nContribution Score : [{1}]\r\nCooking Mastery : [{2}]	個人総収入 : 〔{0}〕\r\n個人活躍スコア : 〔{1}〕\r\n料理に寄与 : 〔{2}〕	{0} {1} {2}
Global subroutine: Scoreboard	49	legacy-phrase	서빙 성공 : 〔{0}〕\r\n서빙 실수 : 〔{1}〕	Serving Success : [{0}]\r\nServing Mistake : [{1}]	サービング成功 : 〔{0}〕\r\nサービングミス : 〔{1}〕	{0} {1}
Global subroutine: Scoreboard	52	legacy-phrase	개인 총 수입 : 〔{0}〕\r\n개인 활약 점수 : 〔{1}〕\r\n요리에 기여함 : 〔{2}〕	Total Personal Income : [{0}]\r\nContribution Score : [{1}]\r\nCooking Mastery : [{2}]	個人総収入 : 〔{0}〕\r\n個人活躍スコア : 〔{1}〕\r\n料理に寄与 : 〔{2}〕	{0} {1} {2}
Global subroutine: Scoreboard	53	legacy-phrase	서빙 성공 : 〔{0}〕\r\n서빙 실수 : 〔{1}〕	Serving Success : [{0}]\r\nServing Mistake : [{1}]	サービング成功 : 〔{0}〕\r\nサービングミス : 〔{1}〕	{0} {1}
Global subroutine: Scoreboard	56	legacy-phrase	개인 총 수입 : 〔{0}〕\r\n개인 활약 점수 : 〔{1}〕\r\n요리에 기여함 : 〔{2}〕	Total Personal Income : [{0}]\r\nContribution Score : [{1}]\r\nCooking Mastery : [{2}]	個人総収入 : 〔{0}〕\r\n個人活躍スコア : 〔{1}〕\r\n料理に寄与 : 〔{2}〕	{0} {1} {2}
Global subroutine: Scoreboard	57	legacy-phrase	서빙 성공 : 〔{0}〕\r\n서빙 실수 : 〔{1}〕	Serving Success : [{0}]\r\nServing Mistake : [{1}]	サービング成功 : 〔{0}〕\r\nサービングミス : 〔{1}〕	{0} {1}
Global subroutine: Other Menu	0	manual-global	로드 중...		ロード中...	
Global subroutine: Other Menu	1	manual-global	데이터 초기화 중...		データ初期化中...	
Global subroutine: Other Menu	4	legacy-phrase	연습 모드		練習モード	
