edition	old_code	new_code	kind
org	0	0	existing
org	1	61	existing
org	2	62	existing
org	3	63	existing
org	4	64	existing
org	5	65	existing
org	6	265	existing
org	7	354	existing
org	8	352	existing
org	9	353	existing
org	10	355	existing
org	11	356	existing
org	12	357	existing
org	13	358	existing
org	14	359	existing
org	15	360	existing
org	16	361	existing
org	17	434	existing
org	18	432	existing
org	19	433	existing
org	20	475	existing
org	21	21	existing
org	22	22	existing
org	23	23	existing
org	24	24	existing
org	25	25	existing
org	26	26	existing
org	27	27	existing
org	28	28	existing
org	29	29	existing
org	30	30	existing
org	31	31	existing
org	32	32	existing
org	33	33	existing
org	34	34	existing
org	35	35	existing
org	36	36	existing
org	37	37	existing
org	38	38	existing
org	39	39	existing
org	40	40	existing
org	41	41	existing
org	42	42	existing
org	43	43	existing
org	44	44	existing
org	45	45	existing
org	46	46	existing
org	47	47	existing
org	48	48	existing
org	49	49	existing
org	50	50	existing
org	51	51	existing
org	52	52	existing
org	53	53	existing
org	54	54	existing
org	55	55	existing
org	56	56	existing
org	57	57	existing
org	58	58	existing
org	59	59	existing
org	60	60	existing
org	61	1	existing
org	62	2	existing
org	63	3	existing
org	64	4	existing
org	65	5	existing
org	66	66	existing
org	67	67	existing
org	68	68	existing
org	69	69	existing
org	70	70	existing
org	71	71	existing
org	72	72	existing
org	73	73	existing
org	74	74	existing
org	75	75	existing
org	76	76	existing
org	77	77	existing
org	78	78	existing
org	79	79	existing
org	80	80	existing
org	81	81	existing
org	82	82	existing
org	83	83	existing
org	84	84	existing
org	85	85	existing
org	86	86	existing
org	87	87	existing
org	88	88	existing
org	89	89	existing
org	90	90	existing
org	91	91	existing
org	92	92	existing
org	93	93	existing
org	94	94	existing
org	95	95	existing
org	96	96	existing
org	97	97	existing
org	98	98	existing
org	99	99	existing
org	100	100	existing
org	101	101	existing
org	102	102	existing
org	103	103	existing
org	104	104	existing
org	105	105	existing
org	106	106	existing
org	107	107	existing
org	108	108	existing
org	109	109	existing
org	110	110	existing
org	111	111	existing
org	112	112	existing
org	113	113	existing
org	114	114	existing
org	115	115	existing
org	116	116	existing
org	117	117	existing
org	118	118	existing
org	119	119	existing
org	120	120	existing
org	121	121	existing
org	122	122	existing
org	123	123	existing
org	124	124	existing
org	125	125	existing
org	126	126	existing
org	127	127	existing
org	128	128	existing
org	129	129	existing
org	130	130	existing
org	131	131	existing
org	132	132	existing
org	133	133	existing
org	134	134	existing
org	135	135	existing
org	136	136	existing
org	137	137	existing
org	138	138	existing
org	139	139	existing
org	140	140	existing
org	141	141	existing
org	142	142	existing
org	143	143	existing
org	144	144	existing
org	145	145	existing
org	146	146	existing
org	147	147	existing
org	148	148	existing
org	149	149	existing
org	150	150	existing
org	151	151	existing
org	152	152	existing
org	153	153	existing
org	154	154	existing
org	155	155	existing
org	156	156	existing
org	157	157	existing
org	158	158	existing
org	159	159	existing
org	160	160	existing
org	161	161	existing
org	162	162	existing
org	163	163	existing
org	164	164	existing
org	165	165	existing
org	166	166	existing
org	167	167	existing
org	168	168	existing
org	169	169	existing
org	170	170	existing
org	171	171	existing
org	172	172	existing
org	173	173	existing
org	174	174	existing
org	175	175	existing
org	176	176	existing
org	177	177	existing
org	178	178	existing
org	179	179	existing
org	180	180	existing
org	181	181	existing
org	182	182	existing
org	183	183	existing
org	184	184	existing
org	185	185	existing
org	186	186	existing
org	187	187	existing
org	188	188	existing
org	189	189	existing
org	190	190	existing
org	191	191	existing
org	192	192	existing
org	193	193	existing
org	194	194	existing
org	195	195	existing
org	196	196	existing
org	197	197	existing
org	198	198	existing
org	199	199	existing
org	200	200	existing
org	201	201	existing
org	202	202	existing
org	203	203	existing
org	204	204	existing
org	205	205	existing
org	206	206	existing
org	207	207	existing
org	208	208	existing
org	209	209	existing
org	210	210	existing
org	211	211	existing
org	212	212	existing
org	213	213	existing
org	214	214	existing
org	215	215	existing
org	216	216	existing
org	217	217	existing
org	218	218	existing
org	219	219	existing
org	220	220	existing
org	221	221	existing
org	222	222	existing
org	223	223	existing
org	224	224	existing
org	225	225	existing
org	226	226	existing
org	227	227	existing
org	228	228	existing
org	229	229	existing
org	230	230	existing
org	231	231	existing
org	232	232	existing
org	233	233	existing
org	234	234	existing
org	235	235	existing
org	236	236	existing
org	237	237	existing
org	238	238	existing
org	239	239	existing
org	240	240	existing
org	241	241	existing
org	242	242	existing
org	243	243	existing
org	244	244	existing
org	245	245	existing
org	246	246	existing
org	247	247	existing
org	248	248	existing
org	249	249	existing
org	250	250	existing
org	251	251	existing
org	252	252	existing
org	253	253	existing
org	254	254	existing
org	255	255	existing
org	256	256	existing
org	257	257	existing
org	258	258	existing
org	259	259	existing
org	260	260	existing
org	261	261	existing
org	262	262	existing
org	263	263	existing
org	264	264	existing
org	265	6	existing
org	266	266	existing
org	267	267	existing
org	268	268	existing
org	269	269	existing
org	270	270	existing
org	271	271	existing
org	272	272	existing
org	273	273	existing
org	274	274	existing
org	275	275	existing
org	276	276	existing
org	277	277	existing
org	278	278	existing
org	279	279	existing
org	280	280	existing
org	281	281	existing
org	282	282	existing
org	283	283	existing
org	284	284	existing
org	285	285	existing
org	286	286	existing
org	287	287	existing
org	288	288	existing
org	289	289	existing
org	290	290	existing
org	291	291	existing
org	292	292	existing
org	293	293	existing
org	294	294	existing
org	295	295	existing
org	296	296	existing
org	297	297	existing
org	298	298	existing
org	299	299	existing
org	300	300	existing
org	301	301	existing
org	302	302	existing
org	303	303	existing
org	304	304	existing
org	305	305	existing
org	306	306	existing
org	307	307	existing
org	308	308	existing
org	309	309	existing
org	310	310	existing
org	311	311	existing
org	312	312	existing
org	313	313	existing
org	314	314	existing
org	315	315	existing
org	316	316	existing
org	317	317	existing
org	318	318	existing
org	319	319	existing
org	320	320	existing
org	321	321	existing
org	322	322	existing
org	323	323	existing
org	324	324	existing
org	325	325	existing
org	326	326	existing
org	327	327	existing
org	328	328	existing
org	329	329	existing
org	330	330	existing
org	331	331	existing
org	332	332	existing
org	333	333	existing
org	334	334	existing
org	335	335	existing
org	336	336	existing
org	337	337	existing
org	338	338	existing
org	339	339	existing
org	340	340	existing
org	341	341	existing
org	342	342	existing
org	343	343	existing
org	344	344	existing
org	345	345	existing
org	346	346	existing
org	347	347	existing
org	348	348	existing
org	349	349	existing
org	350	350	existing
org	351	351	existing
org	352	8	existing
org	353	9	existing
org	354	7	existing
org	355	10	existing
org	356	11	existing
org	357	12	existing
org	358	13	existing
org	359	14	existing
org	360	15	existing
org	361	16	existing
org	362	362	existing
org	363	363	existing
org	364	364	existing
org	365	365	existing
org	366	366	existing
org	367	367	existing
org	368	368	existing
org	369	369	existing
org	370	370	existing
org	371	371	existing
org	372	372	existing
org	373	373	existing
org	374	374	existing
org	375	375	existing
org	376	376	existing
org	377	377	existing
org	378	378	existing
org	379	379	existing
org	380	380	existing
org	381	381	existing
org	382	382	existing
org	383	383	existing
org	384	384	existing
org	385	385	existing
org	386	386	existing
org	387	387	existing
org	388	388	existing
org	389	389	existing
org	390	390	existing
org	391	391	existing
org	392	392	existing
org	393	393	existing
org	394	394	existing
org	395	395	existing
org	396	396	existing
org	397	397	existing
org	398	398	existing
org	399	399	existing
org	400	400	existing
org	401	401	existing
org	402	402	existing
org	403	403	existing
org	404	404	existing
org	405	405	existing
org	406	406	existing
org	407	407	existing
org	408	408	existing
org	409	409	existing
org	410	410	existing
org	411	411	existing
org	412	412	existing
org	413	413	existing
org	414	414	existing
org	415	415	existing
org	416	416	existing
org	417	417	existing
org	418	418	existing
org	419	419	existing
org	420	420	existing
org	421	421	existing
org	422	422	existing
org	423	423	existing
org	424	424	existing
org	425	425	existing
org	426	426	existing
org	427	427	existing
org	428	428	existing
org	429	429	existing
org	430	430	existing
org	431	431	existing
org	432	18	existing
org	433	19	existing
org	434	17	existing
org	435	435	existing
org	436	436	existing
org	437	437	existing
org	438	438	existing
org	439	439	existing
org	440	440	existing
org	441	441	existing
org	442	442	existing
org	443	443	existing
org	444	444	existing
org	445	445	existing
org	446	446	existing
org	447	447	existing
org	448	448	existing
org	449	449	existing
org	450	450	existing
org	451	451	existing
org	452	452	existing
org	453	453	existing
org	454	454	existing
org	455	455	existing
org	456	456	existing
org	457	457	existing
org	458	458	existing
org	459	459	existing
org	460	460	existing
org	461	461	existing
org	462	462	existing
org	463	463	existing
org	464	464	existing
org	465	465	existing
org	466	466	existing
org	467	467	existing
org	468	468	existing
org	469	469	existing
org	470	470	existing
org	471	471	existing
org	472	472	existing
org	473	473	existing
org	474	474	existing
org	NEW	20	donor
cafe	0	0	existing
cafe	1	1	existing
cafe	2	2	existing
cafe	3	3	existing
cafe	4	4	existing
cafe	5	5	existing
cafe	6	6	existing
cafe	7	7	existing
cafe	8	8	existing
cafe	9	9	existing
cafe	10	10	existing
cafe	11	11	existing
cafe	12	12	existing
cafe	13	13	existing
cafe	14	14	existing
cafe	15	15	existing
cafe	16	16	existing
cafe	17	17	existing
cafe	18	18	existing
cafe	19	398	existing
cafe	20	351	existing
cafe	21	21	existing
cafe	22	22	existing
cafe	23	23	existing
cafe	24	24	existing
cafe	25	25	existing
cafe	26	26	existing
cafe	27	27	existing
cafe	28	28	existing
cafe	29	29	existing
cafe	30	30	existing
cafe	31	31	existing
cafe	32	32	existing
cafe	33	33	existing
cafe	34	34	existing
cafe	35	35	existing
cafe	36	36	existing
cafe	37	37	existing
cafe	38	38	existing
cafe	39	39	existing
cafe	40	40	existing
cafe	41	41	existing
cafe	42	42	existing
cafe	43	43	existing
cafe	44	44	existing
cafe	45	45	existing
cafe	46	46	existing
cafe	47	47	existing
cafe	48	48	existing
cafe	49	49	existing
cafe	50	50	existing
cafe	51	51	existing
cafe	52	52	existing
cafe	53	53	existing
cafe	54	54	existing
cafe	55	55	existing
cafe	56	56	existing
cafe	57	57	existing
cafe	58	58	existing
cafe	59	59	existing
cafe	60	60	existing
cafe	61	61	existing
cafe	62	62	existing
cafe	63	63	existing
cafe	64	64	existing
cafe	65	65	existing
cafe	66	66	existing
cafe	67	67	existing
cafe	68	68	existing
cafe	69	69	existing
cafe	70	70	existing
cafe	71	71	existing
cafe	72	72	existing
cafe	73	73	existing
cafe	74	74	existing
cafe	75	75	existing
cafe	76	76	existing
cafe	77	77	existing
cafe	78	78	existing
cafe	79	79	existing
cafe	80	80	existing
cafe	81	81	existing
cafe	82	82	existing
cafe	83	83	existing
cafe	84	84	existing
cafe	85	85	existing
cafe	86	86	existing
cafe	87	87	existing
cafe	88	88	existing
cafe	89	89	existing
cafe	90	90	existing
cafe	91	91	existing
cafe	92	92	existing
cafe	93	93	existing
cafe	94	94	existing
cafe	95	95	existing
cafe	96	96	existing
cafe	97	97	existing
cafe	98	98	existing
cafe	99	99	existing
cafe	100	100	existing
cafe	101	101	existing
cafe	102	102	existing
cafe	103	103	existing
cafe	104	104	existing
cafe	105	105	existing
cafe	106	106	existing
cafe	107	107	existing
cafe	108	108	existing
cafe	109	109	existing
cafe	110	110	existing
cafe	111	111	existing
cafe	112	112	existing
cafe	113	113	existing
cafe	114	114	existing
cafe	115	115	existing
cafe	116	116	existing
cafe	117	117	existing
cafe	118	118	existing
cafe	119	119	existing
cafe	120	120	existing
cafe	121	121	existing
cafe	122	122	existing
cafe	123	123	existing
cafe	124	124	existing
cafe	125	125	existing
cafe	126	126	existing
cafe	127	127	existing
cafe	128	128	existing
cafe	129	129	existing
cafe	130	130	existing
cafe	131	131	existing
cafe	132	132	existing
cafe	133	133	existing
cafe	134	134	existing
cafe	135	135	existing
cafe	136	136	existing
cafe	137	137	existing
cafe	138	138	existing
cafe	139	139	existing
cafe	140	140	existing
cafe	141	141	existing
cafe	142	142	existing
cafe	143	143	existing
cafe	144	144	existing
cafe	145	145	existing
cafe	146	146	existing
cafe	147	147	existing
cafe	148	148	existing
cafe	149	149	existing
cafe	150	150	existing
cafe	151	151	existing
cafe	152	152	existing
cafe	153	153	existing
cafe	154	154	existing
cafe	155	155	existing
cafe	156	156	existing
cafe	157	157	existing
cafe	158	158	existing
cafe	159	159	existing
cafe	160	160	existing
cafe	161	161	existing
cafe	162	162	existing
cafe	163	163	existing
cafe	164	164	existing
cafe	165	165	existing
cafe	166	166	existing
cafe	167	167	existing
cafe	168	168	existing
cafe	169	169	existing
cafe	170	170	existing
cafe	171	171	existing
cafe	172	172	existing
cafe	173	173	existing
cafe	174	174	existing
cafe	175	175	existing
cafe	176	176	existing
cafe	177	177	existing
cafe	178	178	existing
cafe	179	179	existing
cafe	180	180	existing
cafe	181	181	existing
cafe	182	182	existing
cafe	183	183	existing
cafe	184	184	existing
cafe	185	185	existing
cafe	186	186	existing
cafe	187	187	existing
cafe	188	188	existing
cafe	189	189	existing
cafe	190	190	existing
cafe	191	191	existing
cafe	192	192	existing
cafe	193	193	existing
cafe	194	194	existing
cafe	195	195	existing
cafe	196	196	existing
cafe	197	197	existing
cafe	198	198	existing
cafe	199	199	existing
cafe	200	200	existing
cafe	201	201	existing
cafe	202	202	existing
cafe	203	203	existing
cafe	204	204	existing
cafe	205	205	existing
cafe	206	206	existing
cafe	207	207	existing
cafe	208	208	existing
cafe	209	209	existing
cafe	210	210	existing
cafe	211	211	existing
cafe	212	212	existing
cafe	213	213	existing
cafe	214	214	existing
cafe	215	215	existing
cafe	216	216	existing
cafe	217	217	existing
cafe	218	218	existing
cafe	219	219	existing
cafe	220	220	existing
cafe	221	221	existing
cafe	222	222	existing
cafe	223	223	existing
cafe	224	224	existing
cafe	225	225	existing
cafe	226	226	existing
cafe	227	227	existing
cafe	228	228	existing
cafe	229	229	existing
cafe	230	230	existing
cafe	231	231	existing
cafe	232	232	existing
cafe	233	233	existing
cafe	234	234	existing
cafe	235	235	existing
cafe	236	236	existing
cafe	237	237	existing
cafe	238	238	existing
cafe	239	239	existing
cafe	240	240	existing
cafe	241	241	existing
cafe	242	242	existing
cafe	243	243	existing
cafe	244	244	existing
cafe	245	245	existing
cafe	246	246	existing
cafe	247	247	existing
cafe	248	248	existing
cafe	249	249	existing
cafe	250	250	existing
cafe	251	251	existing
cafe	252	252	existing
cafe	253	253	existing
cafe	254	254	existing
cafe	255	255	existing
cafe	256	256	existing
cafe	257	257	existing
cafe	258	258	existing
cafe	259	259	existing
cafe	260	260	existing
cafe	261	261	existing
cafe	262	262	existing
cafe	263	263	existing
cafe	264	264	existing
cafe	265	265	existing
cafe	266	266	existing
cafe	267	267	existing
cafe	268	268	existing
cafe	269	269	existing
cafe	270	270	existing
cafe	271	271	existing
cafe	272	272	existing
cafe	273	273	existing
cafe	274	274	existing
cafe	275	275	existing
cafe	276	276	existing
cafe	277	277	existing
cafe	278	278	existing
cafe	279	279	existing
cafe	280	280	existing
cafe	281	281	existing
cafe	282	282	existing
cafe	283	283	existing
cafe	284	284	existing
cafe	285	285	existing
cafe	286	286	existing
cafe	287	287	existing
cafe	288	288	existing
cafe	289	289	existing
cafe	290	290	existing
cafe	291	291	existing
cafe	292	292	existing
cafe	293	293	existing
cafe	294	294	existing
cafe	295	295	existing
cafe	296	296	existing
cafe	297	297	existing
cafe	298	298	existing
cafe	299	299	existing
cafe	300	300	existing
cafe	301	301	existing
cafe	302	302	existing
cafe	303	303	existing
cafe	304	304	existing
cafe	305	305	existing
cafe	306	306	existing
cafe	307	307	existing
cafe	308	308	existing
cafe	309	309	existing
cafe	310	310	existing
cafe	311	311	existing
cafe	312	312	existing
cafe	313	313	existing
cafe	314	314	existing
cafe	315	315	existing
cafe	316	316	existing
cafe	317	317	existing
cafe	318	318	existing
cafe	319	319	existing
cafe	320	320	existing
cafe	321	321	existing
cafe	322	322	existing
cafe	323	323	existing
cafe	324	324	existing
cafe	325	325	existing
cafe	326	326	existing
cafe	327	327	existing
cafe	328	328	existing
cafe	329	329	existing
cafe	330	330	existing
cafe	331	331	existing
cafe	332	332	existing
cafe	333	333	existing
cafe	334	334	existing
cafe	335	335	existing
cafe	336	336	existing
cafe	337	337	existing
cafe	338	338	existing
cafe	339	339	existing
cafe	340	340	existing
cafe	341	341	existing
cafe	342	342	existing
cafe	343	343	existing
cafe	344	344	existing
cafe	345	345	existing
cafe	346	346	existing
cafe	347	347	existing
cafe	348	348	existing
cafe	349	349	existing
cafe	350	350	existing
cafe	351	20	existing
cafe	352	352	existing
cafe	353	353	existing
cafe	354	354	existing
cafe	355	355	existing
cafe	356	356	existing
cafe	357	357	existing
cafe	358	358	existing
cafe	359	359	existing
cafe	360	360	existing
cafe	361	361	existing
cafe	362	362	existing
cafe	363	363	existing
cafe	364	364	existing
cafe	365	365	existing
cafe	366	366	existing
cafe	367	367	existing
cafe	368	368	existing
cafe	369	369	existing
cafe	370	370	existing
cafe	371	371	existing
cafe	372	372	existing
cafe	373	373	existing
cafe	374	374	existing
cafe	375	375	existing
cafe	376	376	existing
cafe	377	377	existing
cafe	378	378	existing
cafe	379	379	existing
cafe	380	380	existing
cafe	381	381	existing
cafe	382	382	existing
cafe	383	383	existing
cafe	384	384	existing
cafe	385	385	existing
cafe	386	386	existing
cafe	387	387	existing
cafe	388	388	existing
cafe	389	389	existing
cafe	390	390	existing
cafe	391	391	existing
cafe	392	392	existing
cafe	393	393	existing
cafe	394	394	existing
cafe	395	395	existing
cafe	396	396	existing
cafe	397	397	existing
cafe	NEW	19	donor
gc	0	0	existing
gc	1	1	existing
gc	2	2	existing
gc	3	3	existing
gc	4	4	existing
gc	5	5	existing
gc	6	6	existing
gc	7	7	existing
gc	8	8	existing
gc	9	9	existing
gc	10	10	existing
gc	11	11	existing
gc	12	12	existing
gc	13	13	existing
gc	14	14	existing
gc	15	15	existing
gc	16	16	existing
gc	17	17	existing
gc	18	18	existing
gc	19	462	existing
gc	20	463	existing
gc	21	21	existing
gc	22	22	existing
gc	23	23	existing
gc	24	24	existing
gc	25	25	existing
gc	26	26	existing
gc	27	27	existing
gc	28	28	existing
gc	29	29	existing
gc	30	30	existing
gc	31	31	existing
gc	32	32	existing
gc	33	33	existing
gc	34	34	existing
gc	35	35	existing
gc	36	36	existing
gc	37	37	existing
gc	38	38	existing
gc	39	39	existing
gc	40	40	existing
gc	41	41	existing
gc	42	42	existing
gc	43	43	existing
gc	44	44	existing
gc	45	45	existing
gc	46	46	existing
gc	47	47	existing
gc	48	48	existing
gc	49	49	existing
gc	50	50	existing
gc	51	51	existing
gc	52	52	existing
gc	53	53	existing
gc	54	54	existing
gc	55	55	existing
gc	56	56	existing
gc	57	57	existing
gc	58	58	existing
gc	59	59	existing
gc	60	60	existing
gc	61	61	existing
gc	62	62	existing
gc	63	63	existing
gc	64	64	existing
gc	65	65	existing
gc	66	66	existing
gc	67	67	existing
gc	68	68	existing
gc	69	69	existing
gc	70	70	existing
gc	71	71	existing
gc	72	72	existing
gc	73	73	existing
gc	74	74	existing
gc	75	75	existing
gc	76	76	existing
gc	77	77	existing
gc	78	78	existing
gc	79	79	existing
gc	80	80	existing
gc	81	81	existing
gc	82	82	existing
gc	83	83	existing
gc	84	84	existing
gc	85	85	existing
gc	86	86	existing
gc	87	87	existing
gc	88	88	existing
gc	89	89	existing
gc	90	90	existing
gc	91	91	existing
gc	92	92	existing
gc	93	93	existing
gc	94	94	existing
gc	95	95	existing
gc	96	96	existing
gc	97	97	existing
gc	98	98	existing
gc	99	99	existing
gc	100	100	existing
gc	101	101	existing
gc	102	102	existing
gc	103	103	existing
gc	104	104	existing
gc	105	105	existing
gc	106	106	existing
gc	107	107	existing
gc	108	108	existing
gc	109	109	existing
gc	110	110	existing
gc	111	111	existing
gc	112	112	existing
gc	113	113	existing
gc	114	114	existing
gc	115	115	existing
gc	116	116	existing
gc	117	117	existing
gc	118	118	existing
gc	119	119	existing
gc	120	120	existing
gc	121	121	existing
gc	122	122	existing
gc	123	123	existing
gc	124	124	existing
gc	125	125	existing
gc	126	126	existing
gc	127	127	existing
gc	128	128	existing
gc	129	129	existing
gc	130	130	existing
gc	131	131	existing
gc	132	132	existing
gc	133	133	existing
gc	134	134	existing
gc	135	135	existing
gc	136	136	existing
gc	137	137	existing
gc	138	138	existing
gc	139	139	existing
gc	140	140	existing
gc	141	141	existing
gc	142	142	existing
gc	143	143	existing
gc	144	144	existing
gc	145	145	existing
gc	146	146	existing
gc	147	147	existing
gc	148	148	existing
gc	149	149	existing
gc	150	150	existing
gc	151	151	existing
gc	152	152	existing
gc	153	153	existing
gc	154	154	existing
gc	155	155	existing
gc	156	156	existing
gc	157	157	existing
gc	158	158	existing
gc	159	159	existing
gc	160	160	existing
gc	161	161	existing
gc	162	162	existing
gc	163	163	existing
gc	164	164	existing
gc	165	165	existing
gc	166	166	existing
gc	167	167	existing
gc	168	168	existing
gc	169	169	existing
gc	170	170	existing
gc	171	171	existing
gc	172	172	existing
gc	173	173	existing
gc	174	174	existing
gc	175	175	existing
gc	176	176	existing
gc	177	177	existing
gc	178	178	existing
gc	179	179	existing
gc	180	180	existing
gc	181	181	existing
gc	182	182	existing
gc	183	183	existing
gc	184	184	existing
gc	185	185	existing
gc	186	186	existing
gc	187	187	existing
gc	188	188	existing
gc	189	189	existing
gc	190	190	existing
gc	191	191	existing
gc	192	192	existing
gc	193	193	existing
gc	194	194	existing
gc	195	195	existing
gc	196	196	existing
gc	197	197	existing
gc	198	198	existing
gc	199	199	existing
gc	200	200	existing
gc	201	201	existing
gc	202	202	existing
gc	203	203	existing
gc	204	204	existing
gc	205	205	existing
gc	206	206	existing
gc	207	207	existing
gc	208	208	existing
gc	209	209	existing
gc	210	210	existing
gc	211	211	existing
gc	212	212	existing
gc	213	213	existing
gc	214	214	existing
gc	215	215	existing
gc	216	216	existing
gc	217	217	existing
gc	218	218	existing
gc	219	219	existing
gc	220	220	existing
gc	221	221	existing
gc	222	222	existing
gc	223	223	existing
gc	224	224	existing
gc	225	225	existing
gc	226	226	existing
gc	227	227	existing
gc	228	228	existing
gc	229	229	existing
gc	230	230	existing
gc	231	231	existing
gc	232	232	existing
gc	233	233	existing
gc	234	234	existing
gc	235	235	existing
gc	236	236	existing
gc	237	237	existing
gc	238	238	existing
gc	239	239	existing
gc	240	240	existing
gc	241	241	existing
gc	242	242	existing
gc	243	243	existing
gc	244	244	existing
gc	245	245	existing
gc	246	246	existing
gc	247	247	existing
gc	248	248	existing
gc	249	249	existing
gc	250	250	existing
gc	251	251	existing
gc	252	252	existing
gc	253	253	existing
gc	254	254	existing
gc	255	255	existing
gc	256	256	existing
gc	257	257	existing
gc	258	258	existing
gc	259	259	existing
gc	260	260	existing
gc	261	261	existing
gc	262	262	existing
gc	263	263	existing
gc	264	264	existing
gc	265	265	existing
gc	266	266	existing
gc	267	267	existing
gc	268	268	existing
gc	269	269	existing
gc	270	270	existing
gc	271	271	existing
gc	272	272	existing
gc	273	273	existing
gc	274	274	existing
gc	275	275	existing
gc	276	276	existing
gc	277	277	existing
gc	278	278	existing
gc	279	279	existing
gc	280	280	existing
gc	281	281	existing
gc	282	282	existing
gc	283	283	existing
gc	284	284	existing
gc	285	285	existing
gc	286	286	existing
gc	287	287	existing
gc	288	288	existing
gc	289	289	existing
gc	290	290	existing
gc	291	291	existing
gc	292	292	existing
gc	293	293	existing
gc	294	294	existing
gc	295	295	existing
gc	296	296	existing
gc	297	297	existing
gc	298	298	existing
gc	299	299	existing
gc	300	300	existing
gc	301	301	existing
gc	302	302	existing
gc	303	303	existing
gc	304	304	existing
gc	305	305	existing
gc	306	306	existing
gc	307	307	existing
gc	308	308	existing
gc	309	309	existing
gc	310	310	existing
gc	311	311	existing
gc	312	312	existing
gc	313	313	existing
gc	314	314	existing
gc	315	315	existing
gc	316	316	existing
gc	317	317	existing
gc	318	318	existing
gc	319	319	existing
gc	320	320	existing
gc	321	321	existing
gc	322	322	existing
gc	323	323	existing
gc	324	324	existing
gc	325	325	existing
gc	326	326	existing
gc	327	327	existing
gc	328	328	existing
gc	329	329	existing
gc	330	330	existing
gc	331	331	existing
gc	332	332	existing
gc	333	333	existing
gc	334	334	existing
gc	335	335	existing
gc	336	336	existing
gc	337	337	existing
gc	338	338	existing
gc	339	339	existing
gc	340	340	existing
gc	341	341	existing
gc	342	342	existing
gc	343	343	existing
gc	344	344	existing
gc	345	345	existing
gc	346	346	existing
gc	347	347	existing
gc	348	348	existing
gc	349	349	existing
gc	350	350	existing
gc	351	351	existing
gc	352	352	existing
gc	353	353	existing
gc	354	354	existing
gc	355	355	existing
gc	356	356	existing
gc	357	357	existing
gc	358	358	existing
gc	359	359	existing
gc	360	360	existing
gc	361	361	existing
gc	362	362	existing
gc	363	363	existing
gc	364	364	existing
gc	365	365	existing
gc	366	366	existing
gc	367	367	existing
gc	368	368	existing
gc	369	369	existing
gc	370	370	existing
gc	371	371	existing
gc	372	372	existing
gc	373	373	existing
gc	374	374	existing
gc	375	375	existing
gc	376	376	existing
gc	377	377	existing
gc	378	378	existing
gc	379	379	existing
gc	380	380	existing
gc	381	381	existing
gc	382	382	existing
gc	383	383	existing
gc	384	384	existing
gc	385	385	existing
gc	386	386	existing
gc	387	387	existing
gc	388	388	existing
gc	389	389	existing
gc	390	390	existing
gc	391	391	existing
gc	392	392	existing
gc	393	393	existing
gc	394	394	existing
gc	395	395	existing
gc	396	396	existing
gc	397	397	existing
gc	398	398	existing
gc	399	399	existing
gc	400	400	existing
gc	401	401	existing
gc	402	402	existing
gc	403	403	existing
gc	404	404	existing
gc	405	405	existing
gc	406	406	existing
gc	407	407	existing
gc	408	408	existing
gc	409	409	existing
gc	410	410	existing
gc	411	411	existing
gc	412	412	existing
gc	413	413	existing
gc	414	414	existing
gc	415	415	existing
gc	416	416	existing
gc	417	417	existing
gc	418	418	existing
gc	419	419	existing
gc	420	420	existing
gc	421	421	existing
gc	422	422	existing
gc	423	423	existing
gc	424	424	existing
gc	425	425	existing
gc	426	426	existing
gc	427	427	existing
gc	428	428	existing
gc	429	429	existing
gc	430	430	existing
gc	431	431	existing
gc	432	432	existing
gc	433	433	existing
gc	434	434	existing
gc	435	435	existing
gc	436	436	existing
gc	437	437	existing
gc	438	438	existing
gc	439	439	existing
gc	440	440	existing
gc	441	441	existing
gc	442	442	existing
gc	443	443	existing
gc	444	444	existing
gc	445	445	existing
gc	446	446	existing
gc	447	447	existing
gc	448	448	existing
gc	449	449	existing
gc	450	450	existing
gc	451	451	existing
gc	452	452	existing
gc	453	453	existing
gc	454	454	existing
gc	455	455	existing
gc	456	456	existing
gc	457	457	existing
gc	458	458	existing
gc	459	459	existing
gc	460	460	existing
gc	461	461	existing
gc	NEW	19	donor
gc	NEW	20	donor
